id,kind,title,publisher,url,local_file,licence_or_terms,terms_allow,retrieved,rows_or_size,notes
D1,dataset,Geographical Locations of Restaurants & Cafes,Information & eGovernment Authority (iGA),https://www.data.gov.bh/explore/dataset/geographical-locations-of-restaurants-cafes/,data/restaurants_cafes.csv,Bahrain Open Government Data License v1.0 (20 May 2025),"Royalty-free non-exclusive use; share/copy/distribute; use in apps; modify; commercialise. Must attribute source + extraction date, and label our own analysis/transformations as ours (not iGA's).",2026-09-27,"2,395 rows","Point data: name, subtype (25), block (248), governorate (4, UPPERCASE labels), lat/lon. Portal modified 2026-04-28. Registration snapshot: may include closed businesses."
D2,dataset,Geographical Locations of Other Shops,Information & eGovernment Authority (iGA),https://www.data.gov.bh/explore/dataset/geographical-locations-of-other-shops/,data/other_shops.csv,Bahrain Open Government Data License v1.0 (20 May 2025),Same as D1.,2026-09-27,"1,024 rows","Same schema as D1. Types: SHOPPING, HEALTH SERVICES. Subtypes: jewelers, furniture, pharmacies, car showrooms, Bahraini sweets."
D3,dataset,Land Use Monthly Statistics by Land Use Category and Governorate,Urban Planning and Development Authority (UPDA),https://www.data.gov.bh/explore/dataset/01-land-use-statistics/,data/land_use.csv,Bahrain Open Government Data License v1.0 (20 May 2025),Same as D1.,2026-09-27,"1,120 rows","Monthly snapshots 2024-07 to 2026-02, 4 governorates x 14 categories. Area stored as text with unit ('16398662.168 m2'). Stock not flow: do not sum across months."
D4,dataset,"2. Population by Governorate, Nationality & Sex",Information & eGovernment Authority (iGA),https://www.data.gov.bh/explore/dataset/02-population-by-governorate-nationality-sex/,data/population_by_governorate.csv,Bahrain Open Government Data License v1.0 (20 May 2025),Same as D1.,2026-09-27,320 rows,"2010-06 to 2025-06 (mid-year; year-end from 2022). 'Central' and 'Not Stated' governorates appear only 2010-2011: Central abolished 2014, so boundaries of other governorates differ pre/post."
T1,document,Legislative Decree No. (27) of 2015 Concerning the Commercial Register (English translation),Ministry of Industry and Commerce (MOIC),https://www.moic.gov.bh/sites/default/files/2021-10/Legislative%20Decree%20no.%20(27)%20of%202015%20Concerning%20the%20Commercial%20Register.pdf,documents/cr_law_27_2015.pdf,TO CONFIRM: moic.gov.bh site terms,TO CONFIRM,2026-09-27,"11 pages, ~3,700 words","The law. Articles 1-38. Official Gazette annex, issue 3230, 8 Oct 2015."
T2,document,Order No. (126) of 2016 - Implementing Regulation of Legislative Decree No. (27) of 2015 (English translation),Ministry of Industry and Commerce (MOIC),https://www.moic.gov.bh/sites/default/files/2021-10/Order%20no.%20(126)%20of%202016%20Concerning%20the%20Promulgation%20of%20the%20Implementing%20Regulation%20of%20Legislative%20Decree%20no.%20(27)%20of%202015%20concerning%20the%20Commercial%20Register.pdf,documents/cr_regulation_126_2016.pdf,TO CONFIRM: moic.gov.bh site terms,TO CONFIRM,2026-09-27,"13 pages, ~4,200 words","The regulation issued under T1. Articles 1-29. Official Gazette issue 3280, 22 Sep 2016."
T3,document,"Procedures Guide for Establishments and Commercial Companies (2022 edition, published on MOIC site 2024-03)",Ministry of Industry and Commerce (MOIC),https://www.moic.gov.bh/sites/default/files/2024-03/Procedures%20Guide%20for%20Establishments%20and%20Commercial%20Companies.pdf,documents/moic_procedures_guide_2022.pdf,TO CONFIRM: moic.gov.bh site terms,TO CONFIRM,2026-09-29,"17 pages, ~4,000 words","The guidance. Downloaded manually in a browser by Khalifa (site returns 403 to scripts). PDF metadata created 2022-09-15. Supersedes the 2021 amended edition (~93% identical by word): ministry renamed MOICT->MOIC, Single Person Company section removed, British->American spelling."
T4,document,Sijilat Business Activity Directory: 5610-1 Food and beverage service activities,"Ministry of Industry and Commerce (MOIC), via the Sijilat commercial registration portal",https://www.sijilat.bh/public-activity-search/activity-search-2.aspx?keyword=restaurant#activities-9,documents/sijilat_activity_5610-1_food_beverage.pdf,TO CONFIRM: sijilat.bh terms of use,TO CONFIRM,2026-09-29,"2 pages, ~275 words","Browser print-to-PDF by Khalifa (page is JavaScript-rendered; scripts get an empty shell). Restaurant-specific: covers restaurants/cafeterias/fast food/delivery/ice-cream; age 18+; ownership by nationality (Bahraini, GCC, US, Singapore, EFTA 100%); allowed company types; required approval = Municipality Affairs site approval, 3 working days max. Thin on its own - pair with other activity pages."
L1,licence,Bahrain Open Government Data License v1.0,Information & eGovernment Authority (iGA),https://nea.gov.bh/Documents/OpenDataLicense.pdf,bahrain_open_data_license_v1.pdf,n/a,n/a,2026-09-27,5 pages,Governs D1-D4. Linked from https://www.data.gov.bh/pages/terms-and-conditions/
